0.10639948710550788,0.4362484987760843,0.3472882457122619,0.10052740292453304,0.23321114774774732,0.1473009225841745,0.09251470010629752,0.307985469034809,0.22900139687221827,0.10343596537753541,0.51073030696131,0.42268123584716394,0.08686658583706382,0.6094326763950265,0.5318458177878655,0.11378061690843763,0.3803830954665973,0.28879226574538286,0.09991714593891965,0.2194981018903196,0.13303215360303147,0.13112111395222323,0.21897013462621553,0.10813888986025795,0.10519929421643709,0.3030262151803039,0.21827289535079009,0.11230787539732247,0.4630755899455796,0.3682693964877249,0.10465293593757165
0.08779617594285526,0.2662400252952543,0.17357910620117234,0.08284536271631941,0.1476562379571391,0.060698706738556416,0.07626494537366436,0.134768622864602,0.0548011150686769,0.08409118157471372,0.32966741229107815,0.24142303936109405,0.07367122964400817,0.41938567176486685,0.34281475104093706,0.0908825010930959,0.24583982107491176,0.14878655557265943,0.08310490790316007,0.14652872122305924,0.05965317553805428,0.10251410896146669,0.14176577134151025,0.03359360959047858,0.08501670549303131,0.1947508339165678,0.10396561908818197,0.09369387001686814,0.29914873223039634,0.20046669811953938,0.08606786806622421
0.11082266626207576,0.4766702242294528,0.3885898526398126,0.10473153793097098,0.25355294015336893,0.16789172562411625,0.09637829061469144,0.3491700268185126,0.2704197792668827,0.10803543929681979,0.5537803648102064,0.46577772924258765,0.0900039533716017,0.6546188232211823,0.5767904121704704,0.11922494172317429,0.41237250862764885,0.32208044404988284,0.10391447416747282,0.23684752107775164,0.15047895989839957,0.1379228014099363,0.2373264760049785,0.1258629996720504,0.10999796715086439,0.3287700951481166,0.24545093679665075,0.11673359724324618,0.5020513321620035,0.4081666702229546,0.10907177751438597
0.1364680197551562,0.7110332019335359,0.628054335537034,0.12910688529003977,0.3714935522016976,0.2872760878608572,0.11877917939468713,0.5879558651110806,0.5105613200058615,0.13470294028807023,0.8033822715729371,0.7156488667923118,0.1081942406317202,0.9166056583296578,0.8373767392771889,0.15079084250694647,0.5978453957778793,0.5150835012495827,0.12709076701486874,0.3374385150691789,0.2516345990738187,0.17735861737581082,0.34375555039574146,0.2286264296359157,0.13782041325692618,0.478031718674637,0.40302775099684907,0.1423936931116736,0.7280305772737826,0.6394889052336846,0.13469198195468177
0.08498686129502835,0.24056678408412963,0.14734702171775993,0.08017517061309191,0.134736459366821,0.04762077284914273,0.07381104490428836,0.10861088035620024,0.028494862431848775,0.08116989600242194,0.30232482592418464,0.21405096016643543,0.07167857859859293,0.39068638112702714,0.31426887874629916,0.08742462138527167,0.22552223415662342,0.12764407782078172,0.0805660659645577,0.13550950275387985,0.04857210313550482,0.09819412111369417,0.1301070216299376,0.022336412097126935,0.08196890171036074,0.17840000196392497,0.08670390138910793,0.09088294041875336,0.27439388517521024,0.17512655440270405,0.0832613083658924
0.08498734229553978,0.24057117976197306,0.14735151307869104,0.08017562779355344,0.1347386714437467,0.04762301200483651,0.07381146505209263,0.10861535898857211,0.028499366491578082,0.08117039617418284,0.30232950742115994,0.2140556467130641,0.07167891977296892,0.3906912949139129,0.31427376626546105,0.08742521343070496,0.22552571285905584,0.1276476977579858,0.08056650065572761,0.13551138942389862,0.048574000395926326,0.09819486076610932,0.1301090177981412,0.022338339513038073,0.08196942354410384,0.1784028014931759,0.08670685687686289,0.09088342169577064,0.2743981236089874,0.17513089304882085,0.08326178889471186
0.13811404264503496,0.7260755691968748,0.64342413811231,0.13067139403087655,0.37906345944162867,0.2949386608485243,0.12021695936896007,0.6032821095207943,0.5259745789018158,0.13641456875360516,0.8194027351629475,0.7316866107071252,0.10936176710826903,0.9334210368952838,0.8541022275541521,0.15281687015533707,0.6097497985689562,0.5274712209218034,0.12857831556980054,0.34389485339456877,0.25812717861919254,0.17988976812709173,0.35058660041979645,0.23522220372062913,0.13960617078822135,0.48761193557324245,0.41314167058690976,0.14404066222704615,0.7425348425470952,0.6543361052876169,0.13633639067626477
0.11433093593329655,0.50873094536391,0.4213484567631508,0.10806607149036863,0.2696871483391134,0.18422343800882574,0.0994427193712088,0.3818357927485817,0.3032710045152344,0.11168353816042474,0.587925762712826,0.4999599577626842,0.09249237425153563,0.690458472228874,0.6124384724855676,0.12354313887317077,0.4377450933728143,0.34848315174542277,0.10708497775635058,0.2506083114491261,0.164316993407582,0.1433175984498855,0.2518859124316185,0.1399209780403394,0.11380406184475925,0.34918899976709783,0.267007354737831,0.12024388366297173,0.5329651634790462,0.43981141949833963,0.11257660680958823
0.07809253288774963,0.1775621803364897,0.08297096281812047,0.07362226231411848,0.10303007979845107,0.015526264961946146,0.06778893708246068,0.04441726381507893,-0.036063212251392904,0.07400078017468659,0.23522348857005,0.14687724457569803,0.06678842123625309,0.32025556097441127,0.24421456196704258,0.07893865192754432,0.17566092126792215,0.07575840347035583,0.07433550360571461,0.10846728056034997,0.021378085439016536,0.0875924553440606,0.1014953282434301,-0.005289833515764862,0.07448929802305894,0.13827348737043,0.04434198554489731,0.08398464876810688,0.21364310903754044,0.11293940395067437,0.07637374086479796
0.10774265924351187,0.4485232300219105,0.3598301676458342,0.1018040586522735,0.2393882723518279,0.1535536634213414,0.09368794381627152,0.32049184704324785,0.24157877962441837,0.10483267236117304,0.5238031751846639,0.4357682049988548,0.0878192998262343,0.6231542036703863,0.5454939936341832,0.11543387696021273,0.390097214417719,0.29890077639820634,0.10113100133862168,0.22476654244817218,0.1383301673808126,0.13318655981395047,0.22454434390485922,0.11352111147675586,0.1066564913040445,0.31084377378982575,0.22652596101768546,0.11365181966536628,0.47491122425973376,0.38038486922047765,0.10599479089712432
0.07826997913971649,0.17918379307833013,0.08462787407811764,0.07379092109397986,0.10384613872188526,0.016352313533593982,0.06794393411753019,0.046069479372926936,-0.03440161626843345,0.07418529890637406,0.23695054305774801,0.1486061619347376,0.06691428412589426,0.3220683097036187,0.24601762025092905,0.07915706384319794,0.17694425193736135,0.07709383716314823,0.07449586584448688,0.10916329338272013,0.022078005174645553,0.08786532105980466,0.10223173612160724,-0.004578789096304381,0.07468180809251079,0.13930626376262967,0.04543229670337859,0.0841621970260473,0.21520671275539147,0.11453997707634117,0.07655101310453456
0.07820224143078967,0.17856476432634877,0.08399537059380496,0.07372653788378765,0.10353461925494804,0.016036980653437408,0.06788476609380648,0.04543876840945851,-0.03503590808243416,0.07411486137388153,0.23629126334407843,0.14794617109510563,0.06686623766850955,0.32137631737120553,0.24532932711507396,0.07907368804571162,0.17645435779544633,0.07658405339611583,0.07443464972674753,0.10889759989272829,0.021810820273309724,0.08776115825994664,0.10195062236490361,-0.0048502206953693824,0.07460831997481053,0.13891201533040928,0.04501608515157492,0.08409442037771844,0.2146098281644649,0.11392897991353403,0.07648334182242528
0.09893588186255782,0.36804149396261787,0.2775965422801269,0.0934334094493812,0.1988867165918985,0.11255631467082255,0.08599533623828812,0.23849127254796754,0.15911264829274752,0.09567488303299389,0.43808829403420024,0.3499608682850162,0.08157263957104646,0.5331862594124294,0.4560069927250885,0.10459394601104596,0.3264046461801387,0.23262229990694186,0.09317211507574036,0.19022295579609452,0.10359267798389712,0.11964404997327159,0.1879959233391865,0.07823149650462402,0.097102086483078,0.25958638362468267,0.17241308152723336,0.10483997965902153,0.39730851525623084,0.30094734352780556,0.09719664986073365
0.03579256275275395,-0.20900090448533654,-0.31200664892264673,0.03341706625016253,-0.09150357592571365,-0.18138874182718673,0.030840453348483475,-0.34944097764612225,-0.43215757703257845,0.030014859067799764,-0.17647499726093135,-0.2652653160172989,0.036784989696203724,-0.11187087876605423,-0.18560185125481266,0.026873210100116562,-0.1302618490858975,-0.24258478324816476,0.03610805255695919,-0.05744956058730569,-0.14547009301409564,0.022546214587201102,-0.07405096202077749,-0.1747899349518433,0.02859838684156614,-0.10792168475602737,-0.2155684320063608,0.04166036225794152,-0.15909167591819395,-0.26860821773270305,0.03411525209140647
0.04131111939258319,-0.15856894740242927,-0.2604769122609041,0.038662333586907495,-0.06612424364626418,-0.15569873271535645,0.035660842100320195,-0.29805727674442895,-0.38048214606215003,0.03575336895820255,-0.12276381483362875,-0.21149619852009716,0.04069931010386796,-0.05549461595393018,-0.12952696010185938,0.03366579384864936,-0.0903504229023055,-0.2010529594382833,0.04109529848492556,-0.035803647305268305,-0.12370267520960718,0.03103230482979731,-0.05114876746500743,-0.15267654084667995,0.03458542635483805,-0.07580246581813199,-0.18165988890430237,0.0471820912710188,-0.11046379235590692,-0.21883059012842598,0.03962839697224913
0.07537333545115482,0.15271248550277955,0.0575803512897857,0.0710377246483471,0.09052474193914758,0.0028678451101299546,0.0654137528462814,0.019098609519458076,-0.06152561276669678,0.07117320361757797,0.2087579978439609,0.12038320709294045,0.0648596904623925,0.2924768863446865,0.21658438432603494,0.07559169410463112,0.15599508201821846,0.05529413423990863,0.07187810265324134,0.09780153664382271,0.010652471739945213,0.08341104409100984,0.09021056797133606,-0.016185922563975094,0.07153926170744279,0.12244715749804953,0.027633989324234207,0.0812638881856087,0.18968234810681744,0.08841212150793948,0.07365721000247685
0.062173513374920206,0.03208441118962463,-0.0656734993024361,0.05849158258510989,0.029819979377765815,-0.058580024603770264,0.053883876827015564,-0.10380593849688616,-0.18512794921811832,0.05744727590138201,0.08028635248154031,-0.008227013020914886,0.055497037090741885,0.1576306417537991,0.08245898986671324,0.059344529715405964,0.06053103973043514,-0.04404573315138152,0.05994912136410144,0.04602672981510485,-0.041412961457674397,0.06311318567696506,0.03543086504872045,-0.0690788956256494,0.05721887659655973,0.04562127658782597,-0.05347177166064415,0.06805647811759173,0.07336943281781078,-0.03065086373195708,0.0604703322992739
0.10105365684197777,0.38739502131477477,0.29737134828840855,0.09544630822910105,0.20862616811947518,0.12241499005804996,0.08784518563840826,0.25821003656938235,0.178943365254149,0.09787706622294932,0.45870024126667835,0.3705950484036403,0.0830747805042309,0.5548209451842536,0.47752602554615897,0.10720063555817046,0.34172086476427793,0.248560354556856,0.09508599679006993,0.19852968825300943,0.11194603843692176,0.12290063149662915,0.19678476030680317,0.08671762717291716,0.09939964421592717,0.27191230191539195,0.18542566232632152,0.10695897205327086,0.41596971995731097,0.32004976851958455,0.09931234804933231
0.06524410270571684,0.0601453407871074,-0.03700175233324965,0.06141011055764939,0.043941336103105494,-0.044285803662459836,0.05656599739543652,-0.07521544752922116,-0.15637513623493465,0.06064024978824368,0.11017188133802241,0.02169075158471717,0.05767501065621122,0.18899905244505044,0.11365971384898438,0.06312400260080755,0.08273822313265308,-0.02093694159549847,0.06272408321299286,0.058070768631245384,-0.02930131610695756,0.06783494534343823,0.0481739134297465,-0.05677474502276328,0.06055013526659478,0.06349278492252614,-0.034604662474779085,0.07112883259389371,0.1004265548500313,-0.002954010694168674,0.06353791046420064
0.050469946621815594,-0.07486996379125371,-0.1749560077826368,0.04736759846752122,-0.024003643150270842,-0.11306251996463604,0.04366096072502891,-0.2127787393166197,-0.2947194412203773,0.04527723979430343,-0.03362249179654736,-0.12225872401980709,0.047195679838466655,0.03806978586799642,-0.03646272728032157,0.044939049711223734,-0.024111752042329904,-0.13212500895857307,0.04937234025238131,0.00012081499675528629,-0.0875765589242452,0.04511617484440654,-0.01313932825898792,-0.11597622783378592,0.04452176733952383,-0.022496067752572513,-0.125383853677029,0.05634618350347248,-0.029758924554821986,-0.13621755906551553,0.0487782426201009
0.13478689464243615,0.6956700490171025,0.6123567645945371,0.12750901265445058,0.36376221308104495,0.27945010685122107,0.11731073807702463,0.5723027812327921,0.49481936601593074,0.13295481052951671,0.7870201639593746,0.6992691103427815,0.10700181609645974,0.8994316837996619,0.8202945719891153,0.14872160885307825,0.5856871259220524,0.5024316075497082,0.12557149577783844,0.33084449225104584,0.24500356217440808,0.17477348862807388,0.3367788249733316,0.2218899975244178,0.13599657359494527,0.46824719908345636,0.3926981472498837,0.14071160159475002,0.7132170016288443,0.6243250815604413,0.13301250543316592
0.08523228902195885,0.24280965326158502,0.14963871263689316,0.08040844429742977,0.13586515881468098,0.048763289081672614,0.07402542288960179,0.11089607660163912,0.03079303283925062,0.0814251057484278,0.3047135326593375,0.21644224345800384,0.0718526608492302,0.39319361244453416,0.316762707109719,0.08772670914085536,0.22729722193804752,0.129491129826984,0.0807878646180154,0.1364721652109077,0.049540169284241056,0.0985715244774172,0.131125554902021,0.02331986490991108,0.08223516435740516,0.17982844556053812,0.08821192190972739,0.09112850923118974,0.2765565214779705,0.17734032347172804,0.08350649541472654
0.09382539157406654,0.321338697611545,0.2298771410008647,0.08857600025084027,0.17538404377226557,0.08876593783030805,0.0815313882332575,0.19090710850231782,0.11125832598282054,0.09036070380474154,0.3883487526843797,0.30016767583919246,0.07794776123147573,0.4809787054438057,0.4040785256695723,0.09830363578208098,0.28944444639909694,0.19416152182742255,0.08855364804810495,0.1701776365517496,0.08343483879592921,0.11178545856930795,0.16678721778424593,0.057753264025430975,0.09155775500542981,0.22984220101154226,0.1410118852489762,0.09972655157651387,0.35227639129444027,0.25485049265564264,0.09209117116196586
0.050105353740084645,-0.07820183727996322,-0.1783604079565423,0.04702106091095239,-0.025680372138678603,-0.1147597743492656,0.04334249349875976,-0.2161734913883008,-0.2981334669379389,0.044898115324929815,-0.037171012915459545,-0.12581107271818737,0.046937073566828795,0.03434519165588923,-0.040167410858387986,0.044490286049834,-0.026748568665945882,-0.13486887992242272,0.04904284932142758,-0.0013092592810436399,-0.08901466060610558,0.04455552678040972,-0.01465240090751102,-0.11743718703160677,0.04412622333560319,-0.02461807887899581,-0.12762407956429297,0.055981381033477794,-0.03297160884123357,-0.13950620315824613,0.048414007275482084
0.07589790231045597,0.1575062993678865,0.06247851468384705,0.07153631397026738,0.09293717647482051,0.0053098110578832375,0.06587195529905895,0.02398289147223065,-0.0566136003880343,0.07171867815136301,0.21386351874627302,0.12549423501812898,0.06523176651353371,0.2978357366841128,0.22191458775739248,0.07623736371646248,0.15978886594575,0.05924194519825961,0.07235216572874086,0.09985909072691622,0.012721575445502148,0.08421769010315308,0.09238753797514417,-0.014083932052450121,0.0721083602451514,0.12550025251928307,0.03085716870236141,0.08178875659511217,0.1943046756137288,0.09314373803016221,0.0741812624465785
0.09509674061269585,0.3329570653004436,0.24174841195836555,0.0897843896941587,0.18123086057607576,0.09468432745975913,0.08264189538312283,0.2027447361658812,0.12316316157168616,0.09168272503392913,0.400722578776832,0.31255484884465595,0.07884953098975894,0.4939665050090785,0.41699689610796226,0.09986849148296828,0.2986391247580391,0.20372950268171505,0.08970259526922547,0.17516435913836845,0.08844955324126928,0.11374045937400752,0.17206335879924162,0.06284768348531723,0.092937031766766,0.2372417333137932,0.14882363685137645,0.10099863145727137,0.36347914176931895,0.26631811782110687,0.09336127345528948
0.0581256922822945,-0.004907061933844714,-0.10347018574965611,0.05464421720538373,0.011204424039243321,-0.07742345913556314,0.05034815679407881,-0.1414955087779807,-0.22303150137937627,0.05323812070182019,0.04088959145711596,-0.047666268997053174,0.05262591158754711,0.11627906368222068,0.04132846571164389,0.05436221901983459,0.0312562993795385,-0.07450902335656365,0.05629101280802823,0.030149610113224062,-0.05737920384161252,0.05688870030519417,0.01863227218456673,-0.08529890910569496,0.05282742672916189,0.022062063485412453,-0.07834344100224341,0.06400633011229934,0.0377012344790395,-0.06716239094964183,0.056426480692440176
0.10285401120147328,0.40384776425426056,0.3141822269469802,0.09715750565494109,0.216905831533749,0.13079600758102936,0.0894177721805482,0.2749732730391706,0.19580177470762145,0.09974917735136107,0.4762227870603998,0.38813649472923406,0.08435177452102487,0.5732129373572312,0.4958196992971599,0.10941662400624551,0.35474142698968203,0.26210954956090216,0.09671301822598082,0.2055913742854253,0.11904736367410984,0.12566910350125882,0.20425629108949184,0.09393182249223986,0.10135283476767343,0.2823907620658382,0.1964878652504219,0.10876036135657141,0.43183390834536617,0.3362890453290145,0.10111093689575622
0.07424974051523335,0.1424443854749584,0.04708873999696547,0.06996977224670185,0.08535743260676754,-0.0023627189713364555,0.06443230701828241,0.008636731552064014,-0.07204688786440587,0.0700048255300802,0.19782223755075162,0.10943565104308692,0.06406272290825289,0.28099850756993494,0.20516736573876987,0.07420870336995417,0.1478689941166046,0.04683812844745758,0.07086268419610081,0.09339436278760858,0.0062205591929777315,0.08168325027739978,0.08554761142240272,-0.020688276939260786,0.07032028223195404,0.1159075867189973,0.020730106696850978,0.08013964734483403,0.1797815629412139,0.07827724495440633,0.07253471691716391
0.08330106944683072,0.22516098367512116,0.13160587495174175,0.07857286234754232,0.12698365836073788,0.03977306723201123,0.07233852725278134,0.09291434414868566,0.01270920941284795,0.07941691350619774,0.2859172977601167,0.19762573417394333,0.07048284394093829,0.3734647323367256,0.2971392920511189,0.08534964362227626,0.213330213434277,0.11495706297451481,0.07904257729187776,0.1288971751944801,0.04192265874523143,0.09560181615286645,0.12311092909927401,0.015581279921910308,0.08013999914307221,0.16858832094117582,0.0763456230789524,0.08919617948365312,0.2595391876420263,0.1599206365668215,0.08157716968532164
0.07421845301105015,0.14215846106189528,0.04679659171316822,0.06994003415856555,0.08521354426481788,-0.0025083686982509124,0.06440497778292596,0.00834541121926044,-0.07233986216333534,0.06997229099905708,0.19751772154148378,0.10913080657044355,0.06404053063514197,0.2806788818645761,0.20484944866261653,0.0741701927581552,0.14764271594367356,0.04660266341629171,0.07083440896255375,0.09327164109667345,0.006097148631110827,0.08163513831601335,0.08541776723401535,-0.020813649016730607,0.07028633866010328,0.11572548653185272,0.02053786192101678,0.0801083418548535,0.17950586673844324,0.0779950302679322,0.07250346009499467
0.14611418815205238,0.7991858081957808,0.7181258070698994,0.1382753572871935,0.4158553897157777,0.33218097335609426,0.12720498430590754,0.6777720732435056,0.6008874580988034,0.14473357626099237,0.897266804124587,0.8096346670262211,0.11503628217918267,1.0151486216741912,0.9353929196304177,0.16266394827802272,0.6676086261031067,0.5876791077545358,0.13580823014837876,0.37527451789574495,0.2896829858915336,0.1921918900689898,0.38378747174071703,0.2672795661872037,0.1482854669137242,0.5341745500112929,0.4622982338791247,0.15204540666259567,0.8130297508332289,0.726497775416034,0.14432869086028066
0.09145154523996124,0.2996450330799584,0.2077112587864757,0.08631971125149068,0.16446694373585538,0.07771519794787075,0.07945786377490129,0.16880404460733126,0.08902977232675822,0.0878922430176867,0.3652445060802425,0.27703850805325503,0.07626398850670492,0.45672805558343593,0.37995751296888347,0.0953817576384045,0.2722762629557961,0.17629631283631847,0.08640834879033546,0.16086649321364016,0.074071429424503,0.1081351065791004,0.1569356761335176,0.04824103049097691,0.08898238743591913,0.2160258908590369,0.12642588459860257,0.09735134062352419,0.33135876180115914,0.23343829259665613,0.08971965273442557
0.060858645068434684,0.020068337725095586,-0.07795113311143997,0.05724182902992248,0.023773021480628875,-0.06470100532011841,0.05273535615242745,-0.11604877737579614,-0.19744029660196233,0.056080000855786426,0.06748896068387134,-0.021038208606823428,0.054564399051236966,0.14419825969310612,0.06909841354599527,0.057726107784998676,0.051021620369457926,-0.0539412334428932,0.05876084478467779,0.040869307830147986,-0.0465993334844796,0.06109126367195487,0.029974117617153073,-0.07434770103173158,0.05579238611735332,0.037968452531314145,-0.06155092560503031,0.06674085395168274,0.06178320346826516,-0.04251103463906003,0.059156753415156985
0.11594552911343026,0.5234860886524959,0.43642478320468026,0.10960070697979411,0.27711251324685027,0.19173969927362222,0.100853045895383,0.39686939273868194,0.31838995750796945,0.1133624842214841,0.6036403262307831,0.5156914716491624,0.09363760758835762,0.706952772350925,0.6288445987140917,0.1255304808742864,0.4494221895287816,0.3606343361688963,0.10854412256331468,0.25694137029837344,0.17068560147487832,0.14580041856498704,0.25858652810945015,0.14639081021604222,0.11555572152648699,0.3585862888107692,0.2769281557758625,0.12185940500105424,0.5471924794763745,0.45437512216527254,0.11418961664289368
0.056079256492546616,-0.023608647992891585,-0.12257885930748286,0.05269912476450183,0.0017930548559098591,-0.08695003601364801,0.04856062126512172,-0.16055002817459232,-0.2421942024786629,0.051110120069411014,0.020971976543896376,-0.06760536786128768,0.05117437164738035,0.09537316211399227,0.020534321218606377,0.051843338197350625,0.016456021645230245,-0.08991019003928433,0.054441601952007625,0.02212269754655133,-0.06545117369764339,0.05374181971287745,0.010139495239153834,-0.09349917669070004,0.0506072643326818,0.010151355040587784,-0.09091768109999629,0.06195871791745552,0.019668649548528316,-0.08562133326128352,0.05438205173491282
0.09796617182738145,0.35917968859055377,0.2685418372164432,0.09251172127879792,0.1944271097048667,0.10804211625529539,0.0851483069059495,0.22946222860389476,0.15003234210862207,0.0946665232405945,0.4286502695650783,0.3405126635781371,0.08088482280518917,0.5232799322035909,0.44615362195781416,0.10340036641123018,0.31939148802767886,0.22532440863643294,0.09229576592506986,0.18641937803109426,0.09976774968062573,0.11815289070741102,0.18397159427313947,0.07434577391897157,0.09605005554891749,0.2539424569679713,0.1664547383099218,0.10386971218059059,0.3887637181729854,0.2922005156585834,0.09622789076931663
0.03443345308174077,-0.22142128268800038,-0.32469738818882987,0.03212526224601984,-0.0977539957720748,-0.187715675138029,0.029653288406951375,-0.36209575123744686,-0.4448841978810068,0.02860157932849957,-0.18970298280911607,-0.27850756980968766,0.0358209711912373,-0.1257552200901128,-0.1994119707916756,0.025200333138563152,-0.1400912318122705,-0.2528132373673876,0.03487979404394518,-0.06278051431299583,-0.15083097086348568,0.020456260986913333,-0.07969131259424475,-0.18023601981583473,0.02712389924738287,-0.11583200332897114,-0.22391942518587463,0.04030047129510824,-0.17106774704400418,-0.2808674477257034,0.03275747522794713
0.05293438750519907,-0.052348390674265,-0.15194419545065135,0.04970999560369526,-0.012669907149260168,-0.10159004393843227,0.04581361836526939,-0.18983214267797402,-0.2716425656781657,0.04783990595986202,-0.009636503700788945,-0.09824686365994789,0.048943711411376004,0.06324592810849161,-0.011421169621706584,0.047972437277253754,-0.006288368715774206,-0.11357799907199548,0.05159951187759605,0.009787305191930135,-0.07785580803516298,0.048905837449841505,-0.002911816199931,-0.1061009731141348,0.04719542023645163,-0.008152477306911432,-0.11024119856435644,0.0588120410845253,-0.008043002775858454,-0.11398819212191302,0.05124026675559757
0.09761453214541214,0.3559661893901049,0.26525838804770224,0.09217749545517856,0.19280995128577416,0.1064051616630975,0.08484115413425725,0.22618808476108798,0.14673960937105782,0.09430086824699072,0.42522781975807283,0.3370865221773176,0.08063540425734952,0.5196876648011335,0.4425805578074573,0.10296754635610109,0.31684835181904625,0.22267802149768215,0.0919779810971756,0.18504011121203226,0.09838074065387772,0.11761216126150255,0.1825122778366882,0.0729367194545705,0.09566856437146176,0.2518958363260975,0.16429410282302764,0.10351787035657711,0.38566517363920816,0.2890287100067896,0.095876595921936
0.11348224021923968,0.5009750431196797,0.41342372761646334,0.10725940478414168,0.2657840751377372,0.1802725859925697,0.09870139450299138,0.3739335223590915,0.29532386912296243,0.11080101595998058,0.5796655502518393,0.49169083549996384,0.091890393123091,0.6817883985581843,0.6038147465924164,0.12249851124841371,0.43160713764369457,0.3420959959790008,0.10631799201709691,0.24727939865031132,0.16096939449676856,0.142012527416273,0.24836379684405785,0.1365201716293204,0.11288331841374497,0.3442494031967363,0.2617925790131552,0.11939470007142175,0.5254867086843434,0.4321561462156908,0.11172874336689453
0.0968676511052321,0.3491407321151818,0.25828435736722394,0.09146760136870385,0.18937511436571006,0.10292827776392771,0.08418876308347781,0.2192338185493807,0.13974586043381027,0.09352421875043682,0.4179585523719098,0.32980941386315593,0.0801056404280587,0.5120577056363245,0.43499138626031214,0.10204823858294189,0.3114467424040176,0.21705710758990013,0.09130300760874031,0.18211055493801429,0.09543473996693846,0.11646365444692935,0.17941269654966008,0.0699438943611441,0.09485827889445886,0.24754882365307937,0.1597049231523377,0.10277055996764049,0.37908387953874945,0.28229180963424433,0.09513044730880978
0.08845876981814073,0.27229521473385143,0.17976610221036804,0.08347514369681681,0.15070344599081772,0.06378321665744953,0.07684371266227207,0.1409380848687133,0.061005604086081015,0.08478018447072524,0.3361163268956354,0.24787891002771337,0.07414120846225647,0.4261545732890802,0.3495474679196744,0.09169806296604258,0.2506318470101524,0.15377313700724163,0.08370370915176249,0.149127670640761,0.062266713580581334,0.10353300426087926,0.14451555807627484,0.03624868780243446,0.08573554847526241,0.19860727666712388,0.10803689975913157,0.09435684478796051,0.3049873128447404,0.20644332449658706,0.08672981217045665
0.08302538111675611,0.22264157453646438,0.12903162447709235,0.0783108266220366,0.12571579319396003,0.03848968170679515,0.07209771701705538,0.0903473891241778,0.010127680545806386,0.07913023705942837,0.2832340696705752,0.19493961184525277,0.07028729779961984,0.37064836589076977,0.2943379811087795,0.08501030922874853,0.2113363742561054,0.11288227423927528,0.07879343143884272,0.12781581894951652,0.040835232547365784,0.09517787993176133,0.12196681331244766,0.01447656992416662,0.07984090700119004,0.16698375394835374,0.0746516675334751,0.08892033267259514,0.2571099038837348,0.1574339155046049,0.0813017517083294
0.04852991318066612,-0.09259917989412275,-0.19307114528360853,0.045523639130833286,-0.03292567775997632,-0.12209377216211786,0.0419663662887936,-0.23084253834693866,-0.312885797155712,0.043259882391572684,-0.052504510569461815,-0.1411611097075428,0.04581961124193641,0.01825086540006471,-0.05617570136858108,0.042551135536554714,-0.03814250438095834,-0.14672540763557054,0.047619087633814235,-0.007488746410713315,-0.09522883491311446,0.04213291310954857,-0.021190531900395188,-0.1237501308416315,0.042417040029958664,-0.03378749101955325,-0.1373043089431523,0.054405034823214175,-0.046853923562765354,-0.15371674743596797,0.046840111667970676
0.07075731122427745,0.11052842345594285,0.014478046038720133,0.0666502946221487,0.06929607286680581,-0.018620691148252683,0.06138171463164165,-0.023881543391716165,-0.10474978474895764,0.06637319839717412,0.16383101140166353,0.07540776057245702,0.06158553763352931,0.2453206801216002,0.16968026193044553,0.06991000354807808,0.12261097051648548,0.020554633061436123,0.06770649592137665,0.07969570451343747,-0.007554993454285286,0.07631281158061491,0.07105391310344936,-0.034682781360567905,0.06653137264437242,0.09558087661300074,-0.0007289806827312784,0.07664521041130484,0.14900731235467296,0.046775376617171766,0.06904571246839662
0.07835139473355512,0.17992781873618346,0.0853880953432915,0.07386830483450024,0.10422056151820969,0.016731319763676727,0.06801504959905508,0.046827546163860145,-0.033639245566471174,0.0742699594835808,0.23774294732185097,0.1493994209183674,0.06697203232732879,0.3229000320569104,0.2468448964502354,0.0792572752346321,0.1775330675780729,0.07770655862627122,0.07456944297984039,0.10948263682685869,0.02239914118221964,0.08799051685311823,0.10256961355798414,-0.004252548879819892,0.0747701352420032,0.13978012050708866,0.045932551453494314,0.08424365942209687,0.21592412280945633,0.11527434937253751,0.07663234885837149
0.12281806902002132,0.5862915757101577,0.5005973911340814,0.11613290578560974,0.3087186895129959,0.22373277723670446,0.10685612174010346,0.46086013489153477,0.38274400598712954,0.12050894312371274,0.6705295997770001,0.5826528946913181,0.09851231033485128,0.7771610063598773,0.6986775192326616,0.13398963168624545,0.49912592314565485,0.41235603355384004,0.11475499415545498,0.28389812956614,0.1977936765184674,0.1563685793449732,0.28710779848965456,0.17392974718391824,0.12301168703752902,0.39858598951621527,0.31915619307846965,0.1287358956257712,0.6077512618113916,0.5163657393670212,0.12105541701014004
0.10191415383698309,0.39525877090626604,0.305406272353665,0.09626419179465022,0.21258351432193862,0.1264207794492182,0.08859681877482947,0.26622218958400234,0.1870010071282449,0.09877186006829304,0.4670753136077509,0.3789791544389933,0.08368513229875145,0.5636115779358211,0.4862696660452188,0.10825978893565855,0.3479441699759139,0.25503632498136164,0.09586364761698984,0.20190489023950478,0.11534018636948101,0.12422384979983458,0.20035585160484898,0.09016572246644487,0.10033319076557498,0.27692058454830015,0.1907129505338468,0.10781996370980185,0.42355216413788044,0.3278114898839773,0.10017200120007733
0.04019422884370741,-0.1687757786272241,-0.27090592107965544,0.03760075355845307,-0.07126072012185439,-0.16089808650479653,0.03468525246878927,-0.3084567296537565,-0.3909406416846105,0.034591962474673305,-0.13363432245676937,-0.2223784315156933,0.03990709798140127,-0.0669045043043281,-0.14087585439533346,0.03229105529175412,-0.0984280231891056,-0.20945850902638466,0.040085938935788594,-0.04018452396276337,-0.12810814294437628,0.029314820602045336,-0.055783900583555146,-0.15715203008989384,0.03337372041711913,-0.08230301558328168,-0.18852257670268438,0.04606455867134433,-0.12030550045228894,-0.22890499281108023,0.03851260169934122
0.10134184617182064,0.3900286722606563,0.30006232733324567,0.09572022588135695,0.20995152422956492,0.12375657029230204,0.08809691533779156,0.26089338935420825,0.18164195272776962,0.09817674192214865,0.4615051394817434,0.3734029720962094,0.08327919362322173,0.5577650188722196,0.4804543610434787,0.10755535696199967,0.3438051139467378,0.25072922392833935,0.0953464400826818,0.19966007825346074,0.11308277363036165,0.12334379097103759,0.1979807556606105,0.0878724298946512,0.09971229859599094,0.273589627488891,0.187196429748006,0.10724732705036698,0.4185091588160786,0.32264924915858156,0.09960025476701816
0.08056501457322045,0.20015723523725748,0.10605785645145911,0.07597230205673884,0.11440079470559363,0.02703617256534878,0.06994861826064183,0.0674387289739611,-0.012911043124222546,0.07657180762478322,0.2592877364384195,0.17096744912234793,0.06854215616200605,0.34551384613764535,0.2693378234354138,0.08198193661435214,0.19354245745942256,0.09436592721904927,0.07656994188779,0.11816530989085673,0.031130552501355914,0.09139448259057643,0.1117562098999755,0.004617641481231158,0.07717167432412249,0.15266387706080942,0.05953404703353887,0.08645855177354723,0.2354298839785116,0.13524129928857734,0.07884379791718919
0.07201482663697167,0.12202037098192706,0.026220144977514542,0.06784553550670407,0.07507927010264738,-0.012766699875023463,0.0624801382859108,-0.012172721672139009,-0.09297448639758639,0.06768083463325035,0.17607019714253036,0.08766014799776572,0.06247749518042397,0.258167158652722,0.1824580667972216,0.0714578319592513,0.13170560102299192,0.03001850413621826,0.06884294137815612,0.08462816626938799,-0.002594844420724607,0.07824653990308239,0.07627264410831834,-0.029643794587554576,0.06789564141168215,0.10289989415584748,0.006997770777078721,0.07790344871378974,0.16008816502273002,0.058118221858254326,0.07030199470169637
0.10976759569356312,0.46702834192156106,0.3787380902853913,0.10372871644119253,0.24870076805762714,0.16298015647882746,0.0954566999465544,0.33934618445158693,0.26054016220567355,0.1069383167541634,0.5435115406451955,0.45549782870541544,0.08925559025287458,0.6438404730948988,0.5660696800752278,0.11792629505431342,0.40474200415665085,0.3141401422973915,0.10296098274934457,0.23270912629031293,0.1463173351517621,0.13630038007025377,0.23294789787174924,0.12163522911300784,0.10885332923279259,0.32262935132745774,0.23896809931158847,0.11567792016149742,0.49275436338844086,0.3986498865269046,0.1080177415982296
0.12205273787757522,0.5792975100786686,0.4934510819081061,0.1154054752806307,0.3051990022767058,0.22017000434041747,0.10618761476060605,0.45373407837335444,0.37557749140693,0.11971310815870345,0.6630807606525563,0.5751960209454818,0.09796945982066492,0.7693425653361061,0.6909008733976088,0.1330476143763377,0.4935908784969716,0.4065962669629021,0.11406334688736999,0.2808962048559963,0.19477490117127327,0.1551917011204402,0.28393164866138476,0.17086299073319716,0.12218138518695235,0.3941315931715622,0.3144536475172476,0.1279701245284237,0.6010073908845519,0.5094624182472044,0.12029083638779514
0.11913120396125328,0.5525987403277497,0.4661711456526947,0.1126286212181253,0.29176313763541983,0.20656966681934524,0.1036356921932618,0.4265314537147654,0.34822042431966865,0.11667513059171422,0.6346459630435977,0.5467305524052088,0.09589721148170503,0.7394968693270505,0.6612147240927277,0.12945160819284227,0.47246169692754014,0.38460924394468216,0.1114230898276829,0.2694368190182544,0.18325119061848444,0.15069914952066527,0.27180718523375996,0.15915611969794263,0.11901183558585869,0.37712762028206137,0.2965024031627467,0.12504691115193778,0.5752637009347517,0.4831100517116607,0.11737216746651775
0.0672599659117965,0.0785675358154739,-0.01817855146118333,0.06332614442670158,0.05321210479790592,-0.034901548410167585,0.05832682816297732,-0.05644559178608416,-0.13749871496206734,0.06273645930474964,0.12979193844295084,0.0413319716826841,0.05910486541744843,0.20959263176595677,0.13414320568167087,0.06560525278025767,0.09731739315783505,-0.005765859560121572,0.06454586492549678,0.06597776370171735,-0.021349936877335426,0.0709348133342922,0.056539813130810954,-0.048696984759072845,0.06273712970297396,0.07522555417556107,-0.02221827435331536,0.07314585463024803,0.11818974324520803,0.015229165546005285,0.06555179681898869
0.08278781667494321,0.22047056488378391,0.12681335728772242,0.07808502681814951,0.12462325626808404,0.037383770673686825,0.07189020751087648,0.08813540852495907,0.007903141465183505,0.0788832040056925,0.28092189496526165,0.1926249431340895,0.07011879298877632,0.3682214640248366,0.29192405277825817,0.08471790009498316,0.20961825549751,0.11109440012928488,0.07857873901609762,0.12688399933761582,0.03989818237321163,0.09481256823465811,0.1209809129364935,0.01352462606093495,0.07958317517149077,0.16560107640847377,0.07319196264314376,0.08868263166552992,0.2550165565161204,0.1552910736188783,0.08106442023350166
0.10155218679810463,0.391950893980913,0.3020263910892381,0.09592015004425763,0.21091886134228036,0.12473574889977052,0.08828064518875944,0.26285188693497896,0.1836115696445132,0.09839546610005644,0.46355234937511913,0.37545239019359233,0.08342838854134252,0.5599138087101039,0.482591664054703,0.10781425732544635,0.3453263440304801,0.2523122157142418,0.09553652972031451,0.2004851155328414,0.11391244207310923,0.12366723959226718,0.19885367629195289,0.08871528527675865,0.09994049551830206,0.2748138564074436,0.18848885902942142,0.10745778859214017,0.42036261799950614,0.32454653101116737,0.09981038912328467
0.12042806011776051,0.5644502077124716,0.4782805903126747,0.11386125461887527,0.29772725931845206,0.21260679729599014,0.10476847948486256,0.4386065800942873,0.3603641070193245,0.11802367557661753,0.6472680456188498,0.5593662496730301,0.09681707347652155,0.7527452435452473,0.6743922762251691,0.13104785964549534,0.48184084842298935,0.39436918751581224,0.11259508841496185,0.27452359038532337,0.18836651544586352,0.15269337357127272,0.27718918164072187,0.16435274866421512,0.12041878482254878,0.3846756096460162,0.30447088219632534,0.126344512813483,0.5866912125635206,0.494807752220707,0.11866775186422694
0.07780835101963884,0.174965152035128,0.08031740360263609,0.07335215366655319,0.10172315363472834,0.014203340281153304,0.06754070784972428,0.04177122481145615,-0.03872427409546618,0.07370527166272224,0.23245759430514978,0.1441083669045437,0.06658685061581117,0.3173524265628832,0.24132694689629303,0.07858886315759217,0.17360565493796193,0.07361969365062553,0.07407868194798106,0.10735260937458063,0.020257157294330648,0.08715545829293087,0.1003159639897913,-0.006428577947908638,0.07418099130730374,0.13661948610963776,0.0425958418061322,0.0837003035364547,0.2111389827424024,0.11037607079565853,0.0760898376789367
0.08640762820578654,0.25355062398006106,0.16061348785143953,0.08152557847451392,0.14127043516395893,0.05423473321329593,0.07505206665736265,0.12183974919964495,0.04179883794821238,0.08264729045561997,0.31615291100346904,0.2278939607817299,0.07268633067513716,0.4052005981557305,0.328705506849286,0.08917338992355524,0.23579753572253623,0.1383365550143011,0.08185004553615949,0.14108230001798688,0.054176182058254266,0.10037888734973698,0.13600325180971723,0.02802956352777776,0.08351028076815036,0.18666917929500548,0.09543374492894216,0.09230452406534187,0.28691326160180386,0.18794193545465768,0.08468068200507635
0.059434079818864026,0.007049786278213677,-0.09125306638109965,0.055887810930569215,0.017221577474116068,-0.07133264772779688,0.05149101659890601,-0.12931301284102278,-0.21077983953348833,0.054598656673290495,0.05362390701258146,-0.03491821768995307,0.05355395280734079,0.12964523973800068,0.05462318994614718,0.05597266401437215,0.04071884837440434,-0.06466229636065629,0.05747343256736592,0.035281612012321856,-0.0522183945906676,0.05890065658874166,0.024062124204312807,-0.08005607277605986,0.05424688627109687,0.029677168029123457,-0.07030410788065083,0.06531546978278538,0.04923035720715546,-0.05536067687691093,0.057733585161992174
0.05680106091873092,-0.017012356205134194,-0.11583898248278679,0.05338518407806532,0.005112566744343738,-0.08358988887810859,0.04919110821380916,-0.15382925222443003,-0.23543526943986187,0.05186069347273542,0.02799717746904612,-0.060572589268169,0.051686348597179854,0.10274694455120215,0.027868685486951983,0.052731780109776166,0.02167627142335632,-0.08447799894114119,0.055093913130494894,0.024953893642829822,-0.06260408531143649,0.0548517652834089,0.013135007739719623,-0.09060683603266184,0.05139034438467048,0.0143524162796137,-0.08648258364718037,0.06268093727696414,0.02602897596756093,-0.07911062506805694,0.055103148325363095
0.11565199436088046,0.5208035879536553,0.4336838910679949,0.10932170862021641,0.27576257403144744,0.1903732350041033,0.1005966470375273,0.3941362683161811,0.3156413158190661,0.11305725004693078,0.6007834019167032,0.5128314657401082,0.09342940295311447,0.7039540910952495,0.6258619475657747,0.125169179990753,0.4472992810631592,0.35842523795343384,0.10827884848987218,0.25579001348287944,0.16952778177384026,0.145349039234838,0.2573683490726969,0.14521458786473984,0.11523726793857772,0.3568778516960747,0.2751245436253682,0.12156570150840496,0.5446059383388864,0.4517274255744861,0.11389636974447652
0.13158148691993443,0.6663770662237922,0.5824261456638705,0.12446234275050475,0.34902083902440373,0.2645282787406106,0.1145108553651067,0.5424569859586673,0.46480412175790664,0.12962164479092628,0.7558224704004114,0.6680377656803544,0.10472821564584242,0.8666860004665359,0.7877239378774971,0.14477619308147166,0.5625049059949048,0.4783081931393246,0.12267469546303489,0.31827164356556203,0.2323601385976977,0.16984441369548317,0.3234762757593811,0.20904561649119027,0.13251905149210816,0.44959101792166634,0.3730026520304157,0.13750435122563406,0.6849718999342294,0.5954121606022718,0.12981024108585815
0.08973726088933878,0.2839788506991308,0.1917040621739833,0.08469032148581976,0.1565831083427563,0.06973485390828835,0.07796045828638103,0.1528422125411184,0.07297731723643265,0.08610963239265301,0.3485596651883309,0.26033567021211157,0.07504804407483104,0.43921533416133707,0.36253840963440354,0.09327170952612081,0.2598781781334443,0.1633948677199932,0.08485911079116129,0.15414240704108695,0.06730959908894446,0.10549898763527041,0.1498213387652085,0.04137172608264133,0.08712257357261918,0.20604837717691685,0.11589253528535448,0.09563607080692423,0.31625299679132507,0.21797537111511356,0.08800704949253235
0.12124803314983365,0.571943624462822,0.4859371203023292,0.11464062104434662,0.3014982395582808,0.21642393935690152,0.10548471545716151,0.44624141140568696,0.3680422849527885,0.11887633029442085,0.6552487050531093,0.567355517371738,0.0973986815640445,0.7611218931244823,0.6827241465896057,0.1320571336016049,0.4877710753424571,0.4005401807155794,0.11333611680918625,0.27773984171773947,0.1916008204901806,0.1539542766661956,0.280592097137772,0.16763846049019726,0.12130836723752444,0.38944803386111715,0.3095091725891259,0.12716495721165436,0.5939165716076025,0.502203945627784,0.11948692079176429
0.10244202929064236,0.400082820736964,0.3103353298758693,0.09676592586311385,0.2150111647774749,0.12887814757996158,0.08905791124252745,0.2711372781106671,0.19194400098458742,0.09932077506716463,0.4722130365017695,0.3841224190902687,0.08405955514077694,0.5690042280887215,0.49163348860574546,0.10890953097180921,0.3517618823920185,0.2590090359211586,0.09634070074492823,0.20397542190917317,0.11742234050841019,0.12503558356084618,0.20254655238585872,0.09228097083790508,0.10090587877177115,0.27999293631971334,0.19395645943320974,0.10834814261562749,0.42820364599650057,0.3325729500752247,0.10069935899397219
0.07294655442796502,0.13053507129852696,0.034920189362997206,0.06873112238526624,0.07936420015681266,-0.008429316569466716,0.06329399061299627,-0.003497333294557897,-0.08424984365328426,0.0686496983222065,0.18513854682538872,0.0967382791720939,0.06313837108416137,0.2676854682837755,0.19192549421964816,0.07260466064367224,0.13844406315728341,0.03703054677342188,0.06968496510553214,0.08828276298417868,0.0010802665603294737,0.07967929245632048,0.0801393455911553,-0.025910270554791046,0.06890646570222768,0.10832275575945023,0.012722733665429406,0.0788357121137315,0.16829827384088897,0.06652244818690858,0.07123280879612466
0.10243498558787067,0.40001845105860945,0.3102695590280484,0.0967592309777499,0.21497877143900113,0.12884535770387695,0.08905175865810584,0.27107169365804973,0.19187804417738025,0.09931345062335468,0.47214448132888176,0.38405378997097805,0.08405455903195642,0.5689322712955699,0.49156191647339004,0.10890086114306609,0.3517109407705802,0.25895602607790136,0.09633433518953781,0.2039477937829562,0.11739455729784828,0.12502475219654863,0.20251732078386586,0.09225274603466105,0.10089823711298858,0.2799519404133155,0.1939131796927594,0.10834109486374373,0.4281415789777882,0.3325094155613276,0.10069232219859027
0.13690767954974734,0.7150510829373966,0.6321596759212433,0.129524772304772,0.3735155069889893,0.28932279406798983,0.11916321661072041,0.5920495709218938,0.5146782677602603,0.13516012361413493,0.8076614063131335,0.7199326171815978,0.10850609197596062,0.9210971182793307,0.8418441891440784,0.1513320032072044,0.6010251129726023,0.5183923144623457,0.12748809763288574,0.3391630308091519,0.25336879499954845,0.1780346986297412,0.34558015324232705,0.2303881892670155,0.1382973967753368,0.4805906358195193,0.4057292224264504,0.14283360564716452,0.7319047289213516,0.6434546562363612,0.13513121059797745
0.0907973657494294,0.293666739452797,0.20160283242126908,0.08569792795958968,0.16145843268048593,0.0746698587098457,0.07888644634392253,0.1627129295800964,0.08290407509982996,0.08721198987877321,0.35887748726547447,0.2706646215125608,0.07579997802403939,0.45004511341367576,0.37331029593004506,0.09457655271508461,0.2675450917182405,0.17137305679057685,0.08581715181379866,0.1583005482669597,0.07149108111625863,0.1071291503927595,0.15422080937679652,0.045619669538506304,0.08827267315477559,0.21221842168685795,0.12240630576686874,0.09669678507424173,0.3255943262484231,0.22753756434626027,0.08906611476340105
0.1376872020028538,0.7221748374743158,0.6394384970609199,0.13026569134001909,0.37710045875226283,0.292951630416003,0.1198441195188538,0.5993077638137614,0.5219776689161119,0.13597071551322992,0.8152483670743582,0.7275277615478404,0.10905900840784152,0.9290605343593805,0.8497650350394974,0.15229148806749776,0.6066627923290244,0.5242588827140157,0.12819256991318362,0.34222061932778053,0.2564435466116427,0.17923339936164057,0.3488151974842917,0.2335118116821513,0.13914309466933822,0.485127628727706,0.4105189659092682,0.14361357621312693,0.7387736494666742,0.6504859836127723,0.13590996861430882
0.015094875265996288,-0.39814907404727645,-0.5052721085904976,0.013744367172128902,-0.1866903289892611,-0.27774070753702385,0.012761287642342314,-0.5421587211771891,-0.6259694722027879,0.008492223331130005,-0.37792210399189335,-0.46692971180580917,0.02210408927087453,-0.3233135340674535,-0.39591419353670554,0.001397205262171991,-0.2799521177943376,-0.3983524533247753,0.017403078707157973,-0.13863389513658927,-0.22711013777857744,-0.009281390942478665,-0.1599470570712614,-0.2577275851984381,0.006143625405900938,-0.22838679896673858,-0.3427445169979202,0.02095077658940106,-0.34147355632701815,-0.455302284175665,0.01343786174094154
0.11592670814276912,0.5233140910729492,0.4362490416611601,0.1095828180589951,0.27702595734112967,0.19165208380832308,0.10083660601785799,0.3966941492483548,0.31821371907577195,0.11334291310292267,0.6034571448928687,0.5155080927243931,0.09362425784595954,0.7067605017885983,0.6286533559761628,0.12550731484958313,0.4492860720925983,0.3604926923862108,0.10852711362140897,0.25686754717297966,0.17061136395978055,0.14577147685687245,0.2585084204519697,0.14631539275295635,0.1155353028006533,0.35847674660313356,0.27681251109981075,0.1218405732110525,0.5470266346677457,0.4542053561684972,0.1141708141289711
0.09439724639807652,0.3265646579168136,0.2352168575994594,0.08911953574852656,0.17801395129000452,0.09142803891910196,0.08203089611933159,0.19623169229367454,0.1166131400061026,0.09095535106083227,0.3939145193837105,0.30573944600126973,0.07835337870610451,0.48682063838983863,0.40988922928366855,0.09900751037060208,0.29358022738057316,0.19846521486632338,0.0890704463395002,0.17242067231967056,0.08569046534651989,0.1126648210473857,0.16916043442256196,0.06004474201860831,0.09217815589114199,0.2331705224353913,0.14452562357107887,0.10029873513447801,0.3573154063143803,0.2600086487335983,0.09266246519795011
0.08308679888672679,0.2232028478079815,0.12960511528628313,0.07836920286853516,0.1259982478453627,0.03877559397936068,0.07215136465480776,0.09091925465500258,0.010702792833242464,0.07919410275899907,0.283831838482689,0.19553802543516421,0.07033086151493162,0.3712757952291246,0.2949620563862002,0.08508590605114282,0.21178056119709904,0.11334449510021714,0.07884893608311516,0.12805672319487055,0.04107748905514953,0.09527232432591842,0.12222169911119043,0.014722676912109767,0.07990753866588614,0.16734121893949438,0.07502904648166828,0.08898178574891549,0.25765109904792577,0.157987906535488,0.08136310924911512
0.0945353464888869,0.3278267012929074,0.2365063725536163,0.08925079686312691,0.1786490608523859,0.09207092306849307,0.08215152478508914,0.19751755275028063,0.11790630091310066,0.09109895541043,0.39525862431093167,0.3070850007348327,0.07845133330529408,0.488231436089678,0.41129248525544104,0.09917749257677158,0.2945789978816396,0.19950453529265913,0.08919525055199573,0.1729623542820062,0.08623518792013841,0.11287718270453884,0.16973355441648968,0.060598122536986626,0.09232797961397937,0.233974295476347,0.14537417386914864,0.10043691461290044,0.35853230333549635,0.2612543177266212,0.09280042986124633
0.03361608694683004,-0.22889087601233654,-0.3323295761751218,0.031348373619260836,-0.10151298713263288,-0.19152068155981827,0.028939329526033224,-0.3697063095309513,-0.4525379649869384,0.027751635411024322,-0.19765826975230633,-0.2864714376495235,0.0352412121797372,-0.13410523822762394,-0.20771735207859254,0.024194267914093986,-0.1460026050729909,-0.2589646114528271,0.034141121562345486,-0.0659865403865996,-0.15405499325177308,0.019199366614926036,-0.08308340938091513,-0.18351128555090823,0.02623714503502196,-0.12058925482660754,-0.2289416976068461,0.039482635292688764,-0.17827013488384802,-0.2882401268038314,0.0319409106411249
0.08541113333900145,0.24444404238002188,0.1513086783837591,0.08057843190755513,0.1366876473102699,0.04959584593200254,0.0741816411166614,0.11256130964981692,0.03246772021911492,0.08161107826790584,0.3064541942789777,0.21818478262619256,0.07197951538850268,0.39502064347422033,0.3185799713449191,0.08794684188221263,0.2285906637243443,0.13083708514638825,0.08094949032019144,0.13717366178516577,0.05024560355358021,0.09884654004993942,0.13186776479700363,0.02403651151233758,0.08242919117686918,0.18086935900037324,0.08931082342126193,0.09130745635789146,0.2781324445304144,0.17895350720688008,0.08368516434852981
0.1023095031976645,0.39887171597359383,0.3090978623426612,0.09663996271149079,0.21440168951629743,0.12826121152976605,0.08894215139269557,0.2699033175721276,0.19070303465653862,0.099182966878371,0.47092318235676756,0.38283117365602914,0.08396555418651523,0.5676503730257398,0.490286870871495,0.1087464095898665,0.3508034242801435,0.2580116645606756,0.09622093388183527,0.20345560332191753,0.1168996040350676,0.12483179324792414,0.20199656466928995,0.09174992587189243,0.10076210223616916,0.27922160517768635,0.19314215833435822,0.10821554033928149,0.42703586539028543,0.3313775587918426,0.10056696286238123
0.13514565118740363,0.6989485864789506,0.6157066677475511,0.12785000290062837,0.36541210129573554,0.2811201918953111,0.11762410733766204,0.5756431907286532,0.4981787406286427,0.1333278660431059,0.7905118809954312,0.702764593687108,0.10725628264577701,0.9030966553827534,0.8239399516639865,0.1491631887871208,0.5882817328631152,0.5051315551245312,0.12589571227769403,0.33225167415902557,0.24641864298522007,0.17532516193948705,0.33826767662916146,0.22332756995221797,0.1363857858021487,0.4703352414404102,0.3949025120072147,0.14107056437293025,0.7163782578475402,0.6275610816346454,0.13337091016441052
0.07666293469200268,0.16449763473893955,0.06962203421833671,0.0722634605095486,0.09645548973732845,0.00887119316111891,0.06654020131472596,0.031106166204937308,-0.04944988338684707,0.07251420244775222,0.2213094500811955,0.13294819783798362,0.06577440511617111,0.30565112563755426,0.229688197837626,0.07717901329281915,0.1653217498893139,0.06499946335979018,0.0730435429997639,0.10285984358127545,0.015739172358959823,0.08539410891191511,0.095562447935693,-0.011018372765759975,0.07293833797233377,0.12995291000949205,0.035557878539589735,0.08255422875981588,0.20104591394817556,0.10004436431330999,0.07494554460100314
0.06816010141444323,0.08679352641429197,-0.009773501293444953,0.06418170352644897,0.057351744835904536,-0.030711233664101736,0.059113085029631744,-0.048064361609850004,-0.1290699004971873,0.06367247153072919,0.1385528057036057,0.05010228877173942,0.05974333286421585,0.2187882020890884,0.14328961906982546,0.06671319570551948,0.10382737285249422,0.0010084242863334925,0.06535933797890223,0.06950844324421758,-0.0177994386500724,0.0723189852481753,0.06027540556079257,-0.0450900541036158,0.06371367976368178,0.0804645416808478,-0.016687428974489327,0.07404650758083894,0.1261214701929883,0.023348428021405604,0.06645104960597015
0.0771467302050651,0.1689188550224415,0.07413949358557642,0.07272329755897111,0.09868042061738878,0.011123360158759962,0.0669627905172221,0.0356108230496934,-0.0449196514311533,0.07301728061072767,0.2260181503366323,0.13766197708937813,0.06611756199096858,0.31059346559559403,0.23460411743505577,0.07777449898846703,0.16882066639371013,0.06864043532399958,0.07348076007661239,0.10475747667729313,0.017647457396529453,0.08613805930524439,0.0975702154895125,-0.009079757010791452,0.07346320399112995,0.13276870678741629,0.03853054006649351,0.08303830238544348,0.2053089764503092,0.10440822146973247,0.0754288656811864
0.11866601746712518,0.5483475806788488,0.4618274487215055,0.11218647163402308,0.2896237879146649,0.2044041286083936,0.10322935773116396,0.4222000668616761,0.3438644460930076,0.11619140314780808,0.6301183812356116,0.5421980869630024,0.09556725401163153,0.7347446346828795,0.6564878935595787,0.12887902763849113,0.46909736497740695,0.3811083206464731,0.11100269014711404,0.26761217769099177,0.1814163070727382,0.14998381490938,0.2698766457306685,0.15729207209484108,0.11850715834810337,0.3744201321058931,0.2936440839832726,0.12458145724274346,0.5711646155855236,0.4789140487379622,0.11690743715638022
0.10147858193350766,0.39127824755998897,0.3013391028112977,0.09585019023097792,0.2105803593683207,0.12439310321076484,0.0882163522794826,0.262166546438505,0.18292233813928285,0.09831892756452289,0.4628359656233657,0.3747352337211343,0.08337618050174103,0.5591618789100505,0.48184375386006734,0.10772365986678009,0.34479401731684034,0.25175827661974587,0.09547001131972578,0.20019640878936013,0.11362211473850121,0.12355405464844403,0.19854821364306308,0.08842034341331148,0.09986064216869057,0.2743854598329079,0.18803659698218717,0.10738414141537381,0.4197140337738036,0.323882611841918,0.09973685643911702
0.07632630630094467,0.16142131792664158,0.06647875356069327,0.07194350258948416,0.09490736685865817,0.007304119196313408,0.0662461607139476,0.027971793634344655,-0.052602051303228634,0.07216415705045853,0.21803310264066525,0.1296683163956049,0.06553563409923392,0.3022122100147012,0.22626766569135173,0.0767646700709172,0.1628871786675481,0.06246604892929926,0.07273932421900063,0.10153945685034596,0.01441137393063037,0.08487646288756867,0.09416542885839224,-0.012367275524993601,0.07257313242854944,0.12799365839738247,0.033489479309040185,0.08221740685603851,0.19807964445553608,0.09700796117663207,0.07460924632374832
0.10688445760879661,0.44068045684131674,0.35181667659631183,0.10098835677645615,0.2354414822993335,0.14955855940147855,0.09293831564775147,0.31250106630299307,0.23354263136540382,0.10394026536235211,0.5154504431987462,0.42740646341587396,0.08721057613417112,0.6143870197739104,0.5367736766392246,0.11437754885534954,0.38389050976103983,0.292442080508578,0.10035542488132539,0.22140034375239803,0.13494507327694563,0.13186687117181983,0.22098277842875735,0.11008221391553756,0.10572543497306269,0.30584885066095274,0.221252776556558,0.1127931246886261,0.46734900611292696,0.37264385210851786,0.10513743085572994
0.09469111489072997,0.3292502085375238,0.23796086604730676,0.08939885132077033,0.17936542534531905,0.0927960568170175,0.08228758649490592,0.1989679241956821,0.11936490681717354,0.09126093227737693,0.39677469193401604,0.3086027036502295,0.07856182006369807,0.4898227290550794,0.41287527161580534,0.09936922204227307,0.2957055495286819,0.20067682475940155,0.08933602202151203,0.17357333819291537,0.08684960145341339,0.1131167135821319,0.1703799984919032,0.061222301699020897,0.09249697155111432,0.23488090199122702,0.14633128637384116,0.1005927725590833,0.35990488827062944,0.26265935567503984,0.09295604550918951
0.12022590304110191,0.5626027722905951,0.4763929407687085,0.11366910874083241,0.29679755759461157,0.21166571478468676,0.10459189785998693,0.43672428016694476,0.35847112036686196,0.11781346112027805,0.6453004848358338,0.5573965665987828,0.09667368316228478,0.7506800549050183,0.6723381275030893,0.13079903210540061,0.48037880358606255,0.3928477838884381,0.11241239443840673,0.2737306521523224,0.187569126230357,0.152382509099334,0.27635022301392337,0.16354268556274487,0.1201994661700759,0.38349901079439264,0.3032287363972244,0.12614223952569462,0.584909864391048,0.49298428635159663,0.118465793032408
0.07127854723963631,0.11529179802510492,0.019345107548283363,0.06714571804978275,0.07169318915883281,-0.01619423095985144,0.06183700763477113,-0.019028275180407506,-0.09986896219173715,0.06691520932948622,0.16890411376081332,0.08048633498652166,0.06195525111212321,0.2506455033510894,0.17497662015123402,0.07055157334941406,0.12638066504151405,0.02447737659133098,0.06817754883697891,0.08174019373848264,-0.005499027943453097,0.07711433562987488,0.07321705999353764,-0.03259413786522962,0.0670968575751913,0.09861458538655882,0.002473732462510203,0.07716674606211169,0.1536002894531421,0.051476948778125975,0.06956643733493988
0.08224728364769322,0.21553084237818884,0.12176610918119062,0.0775712620029434,0.12213739480068797,0.03486747895076139,0.07141805881428671,0.0831024643671983,0.0028416228544479866,0.07832112694000175,0.27566097803907336,0.18735835156854158,0.06973539211103402,0.36269950710897503,0.28643161469238987,0.0840525783277036,0.20570900070048953,0.10702643020230354,0.07809024694923586,0.12476381976937775,0.03776610164827055,0.09398137045094032,0.11873768280190494,0.011358657558923527,0.07899675506138126,0.16245505476214284,0.06987067980619535,0.08814178790983639,0.2502535398749617,0.15041544154797232,0.08052441727863448
0.08035917373647855,0.1982761353551698,0.10413580965484043,0.07577665484533974,0.11345415170937095,0.026077941397923507,0.06976881891837577,0.06552212927610476,-0.014838524283549759,0.0763577625846423,0.25728432223887354,0.1689618739586146,0.06839615295127985,0.3434110250800748,0.2672462434683208,0.08172857487256152,0.19205377085214925,0.09281680016964249,0.07638391881294447,0.1173579225262224,0.03031863304722761,0.09107795346344995,0.11090196354567311,0.0037928171942141556,0.07694835918876188,0.151465837911595,0.05826926652291567,0.08625259260804541,0.23361607560528483,0.13338460573882918,0.07863815893775723
0.048969582707239244,-0.08858120995343838,-0.18896571402663997,0.045941535395601446,-0.030903678216198327,-0.12004702065061987,0.04235041200558887,-0.22674874192090042,-0.30876875827162187,0.04371707583750725,-0.048225281109523566,-0.13687726449634624,0.04613146948908607,0.022742424769352176,-0.05170815261354622,0.043092308215543135,-0.03496271680238211,-0.1434165211813809,0.048016427046846076,-0.005764192498143361,-0.09349460060051437,0.04280900932871043,-0.019365888665758973,-0.1219883322135317,0.04289403410652146,-0.031228517232385566,-0.1346027777157899,0.05484495709628156,-0.04297968615985892,-0.1497509086503787,0.04727935003370468
0.10052257857896102,0.3825417022467378,0.29241238440960793,0.0949415299604226,0.2061837882395231,0.11994271219511633,0.08738129555763705,0.2532651264410182,0.17397038048448177,0.0973248207602673,0.4535313459685502,0.3654205777244301,0.08269808590477896,0.5493955758922997,0.47212965875390206,0.10654695130447796,0.3378799889201987,0.24456353975755157,0.0946060492100187,0.19644659392644814,0.10985125112341779,0.12208397265628775,0.1945807677598813,0.08458954483232561,0.09882348150657434,0.26882130908587565,0.1821624738972857,0.10642758849693484,0.411290015893018,0.3152594188447479,0.0987817905869071
0.09949525994713487,0.3731534341664938,0.2828197568403562,0.09396508607923523,0.2014592447373671,0.11516033398740017,0.08648394585179797,0.24369968446883522,0.16435063088176505,0.09625655626393483,0.443532626729766,0.35541107345966394,0.08196940727589472,0.5389007329542711,0.46169091829715203,0.10528246345039967,0.33045019261345526,0.2368320948892187,0.09367763785217904,0.19241705296694497,0.10579909123148142,0.12050422650406796,0.19031736109172434,0.08047297898733834,0.09770895145045919,0.2628420876683667,0.17585015703975637,0.10539967930522909,0.40223758895057105,0.30599295885829036,0.09775547939256882
0.09199679255408351,0.30462783763195356,0.21280252672952107,0.08683795689321738,0.16697448577315419,0.08025343563975305,0.0799341303408716,0.17388088384897343,0.09413543523495091,0.08845922226769996,0.3705513063666529,0.28235103247068694,0.07665073323511618,0.46229817253334776,0.38549785363879313,0.09605288204403398,0.27621961252157423,0.18039976177430703,0.08690110126613047,0.16300516403810406,0.07622210520222623,0.10897355369746103,0.15919847071623763,0.05042588959977832,0.08957392203947742,0.21919935069655963,0.12977613417631978,0.09789690137612427,0.3361633193393432,0.23835644774590728,0.0902643653531112
0.08497415323050114,0.24045064999207066,0.14722835967235465,0.08016309187581908,0.13467801615180772,0.04756161421133131,0.07379994457220834,0.1084925546001516,0.02837586488337686,0.08115668143224776,0.3022011404722329,0.21392714130231552,0.07166956474958,0.39055655856066107,0.3141397501748926,0.08740897950674861,0.225430326614051,0.12754843884643485,0.08055458139581953,0.13545965681033134,0.048521977392832635,0.09817457944919296,0.13005428273728425,0.022285489644474077,0.08195511482922005,0.1783260382206012,0.08662581721205079,0.09087022504892396,0.27428190548152176,0.175011927092541,0.0832486127634974
